time_s,voltage_V
0,9.99999999e-10
2.00950914721717e-07,0.000200931725037186
1.2057054883303e-06,0.00120497991509826
6.22947835637324e-06,0.00621011637161222
3.13483426965879e-05,0.0308620787855311
0.000156942664397661,0.145246934376033
0.000722361180075934,0.514385014301115
0.00144431668835955,0.7640594616826
0.00230930983109403,0.900613447013877
0.00333153032260228,0.964189340625786
0.0045499017207676,0.989353319196177
0.00603194339350241,0.997522110193421
0.0078912905883186,0.99955504847087
0.0103223502744508,0.999901598927833
0.0136354514439917,0.999900411368386
0.0179066264255026,0.999501655925463
0.020882031447668,0.999731061049408
0.0238574364698334,0.999854863009633
0.0274129061139691,0.999772889664089
0.0313165083826924,0.999359500817336
0.0348254691616476,0.999076740078027
0.037733023941802,0.999560659004059
0.0405213542245002,0.999831598763346
0.0437771666282238,0.999846640342461
0.0476244971572566,0.999605559284179
0.0514304149146474,0.999052723423045
0.0545874201481974,0.99928209106415
0.0573249794444486,0.999748278795883
0.0602844594179785,0.999868122628703
0.0638903598012882,0.999774625117654
0.0678595105289807,0.999293440835828
0.0713628684742846,0.998991591798611
0.0742147009340552,0.999566706903656
0.0769625333922636,0.999845339338607
0.080234640878432,0.999854848717501
0.0841447355139216,0.999586299750313
0.0879811590216736,0.998954939368195
0.0911035926613134,0.999257534878967
0.0937927561633389,0.99976029693466
0.0967402586218242,0.999877183071953
0.10038395097329,0.999775916069608
0.104402484968873,0.999239977908051
0.107901656049405,0.998923325271741
0.110712778477638,0.99957017082608
0.113430858833646,0.999854258806626
0.116713596610307,0.999860511504095
0.120668253783269,0.999572753734823
0.124527103428344,0.998880094738911
0.12762612563666,0.999238462092435
0.130281610246601,0.999767484313648
0.133219683095994,0.999882931844957
0.136887483502785,0.999777362445471
0.14093991009836,0.999203393647923
0.143724874543627,0.999696476280612
0.146509838988895,0.99988435110015
0.150016236454092,0.999834051931493
0.154111286075648,0.999365289269373
0.156996304748285,0.999710232007281
0.159881323420921,0.999867710619101
0.163401196956143,0.999805586670771
0.167384919191695,0.999376132042886
0.170990866362182,0.998933739712377
0.173899654590012,0.999491455632774
0.176608645212658,0.999830222977918
0.179784403853978,0.999866750197162
0.183641476108766,0.99965174228742
0.187554065182066,0.99900339110076
0.190774085860641,0.999150657536226
0.193475110127036,0.99972025521207
0.196342507303526,0.999876340750772
0.199890630724016,0.999808981173983
0.203922766095249,0.999338033938326
0.206796642486553,0.999703896027253
0.209670518877856,0.999867549761608
0.213177310446276,0.999809810248005
0.217162677565503,0.999388080324136
0.220784216778555,0.998925473854683
0.223702021172419,0.999478912163831
0.226405518214476,0.999827650875138
0.229566797575755,0.999868336148095
0.233415196234131,0.999660764387225
0.237338807091669,0.999011706048004
0.240574068143684,0.999133587099339
0.243277485306947,0.999713473859068
0.246133115717285,0.99987603172738
0.249666535220335,0.999813401728118
0.253699620934126,0.99935238192984
0.256583721661099,0.999704836818452
0.259467822388072,0.999865474254416
0.262974907040921,0.999806729489874
0.266947841627914,0.999390405940958
0.270559895965479,0.998947022682557
0.273481295668032,0.999485957765234
0.276195243390891,0.999826931640555
0.279363312462369,0.999866101015909
0.283207143682844,0.999657592914041
0.287118429273043,0.99902220535952
0.290349581242417,0.999149298271743
0.293059356171582,0.999715614751593
0.29592445089611,0.999874816845371
0.299461359708166,0.999810409630303
0.303485884452738,0.999350841158454
0.30637005059251,0.999704099082519
0.309254216732283,0.999865121835578
0.312759538484568,0.999806828369836
0.316730746006082,0.999392400528397
0.320343467002085,0.998949252667726
0.323266685632427,0.999485318215022
0.325981518705209,0.999826454175876
0.329148645294571,0.999865967481278
0.332990548196566,0.999658339865068
0.336901418250382,0.999024996539402
0.340134046167706,0.999149401531082
0.34284516344449,0.999714998480514
0.345710115372897,0.999874578264152
0.349245520604488,0.9998105513735
0.353268815537278,0.999352587596121
0.356154428603036,0.999704110714291
0.359040041668794,0.999864768625264
0.362545116920232,0.99980640721385
0.366514296892532,0.999393050521572
0.370125793208982,0.998952606039832
0.373049815170603,0.999486197934802
0.375766267039213,0.99982627091673
0.378934194433699,0.999865625348666
0.382775125849146,0.999658016356789
0.386684185766374,0.999026938594919
0.389916482243825,0.999151617403341
0.392628727415805,0.999715193946477
0.395494995881608,0.999874362686872
0.399030634124983,0.999810147726774
0.403052500556003,0.999352673531563
0.40593837538927,0.999704007842767
0.408824250222536,0.999864656612366
0.41232903223356,0.999806347671908
0.416297613394076,0.999393446176121
0.419908990558874,0.998953505339905
0.422833411161316,0.999486260403323
0.425550271500252,0.999826170674478
0.42871820453706,0.999865546398836
0.432558691728445,0.999658066185723
0.436467376325082,0.999027673477334
0.43969982515232,0.999152018578974
0.44241245876884,0.999715139995912
0.445278936920215,0.999874290765877
0.448814401077733,0.999810097370785
0.452835842211654,0.999352937668809
0.455721969632596,0.999703991441184
0.458608097053538,0.999864586357961
0.4621127923953,0.999806276952583
0.466080978939154,0.999393608303887
0.469692160246904,0.998954140806382
0.472616765604827,0.999486396859006
0.47533392902219,0.999826126744142
0.478501977400863,0.999865483478894
0.482342247379385,0.999658028784105
0.486250607254356,0.999028080069963
0.489483035682661,0.999152405239246
0.492195899089014,0.99971515827036
0.495062602359063,0.999874247146713
0.4985980687755,0.999810030720528
0.502619230437676,0.999352996927673
0.5055054401751,0.99970397383292
0.508391649912524,0.999864557843163
0.511896287973477,0.999806255857838
0.51586431882446,0.99939369359194
0.519475448262723,0.998954382087113
0.52240014341609,0.999486430044623
0.525117419100533,0.999826104588935
0.528285488798332,0.999865460988019
0.532125656643008,0.999658029256324
0.536033905116858,0.999028257333621
0.539266351698562,0.999152531298414
0.541979311521066,0.999715153790691
0.544846084812048,0.999874229088074
0.548381526701384,0.999810011660357
0.55240257781423,0.99935304526704
0.555288838350854,0.999703968352229
0.558175098887477,0.999864542707523
0.561679714352866,0.999806241977843
0.565647661023927,0.999393731962975
0.569258753197908,0.998954515914566
0.572183490774288,0.99948645547496
0.574900829821433,0.999826094351815
0.57806891982019,0.999865447972266
0.581909038382334,0.999658023989973
0.585817220544098,0.999028347075615
0.589049667444579,0.999152609062563
0.591762677334286,0.999715155601637
0.594629495316639,0.999874219622731
0.598164933144462,0.999809998723382
0.602185924552976,0.999353062376351
0.605072205936382,0.999703964855111
0.607958487319787,0.99986453592463
0.611463090557796,0.999806236480832
0.615430999926672,0.999393751011693
0.619042078025282,0.998954574315553
0.621966836021614,0.999486464763037
0.624684202444237,0.999826089353285
0.627852299118217,0.999865442429304
0.631692394267205,0.999658023117226
0.635600548649348,0.999028388457163
0.638832998204246,0.999152640980808
0.64154603083018,0.999715155283107
0.644412866811742,0.999874215347646
0.647948300402616,0.999809993685648
0.651969265330149,0.999353072350276
0.654855557707145,0.99970396344626
0.657741850084142,0.999864532546742
0.661246447904876,0.999806233512336
0.665214338564291,0.999393759904557
0.668825408815541,0.998954603896112
0.671750176530191,0.999486470061359
0.674467556910723,0.999826086995139
0.677635657682475,0.999865439576152
0.681475741595961,0.999658022207647
0.685383881525542,0.999028408691454
0.688616331600282,0.999152657810619
0.69132937545333,0.999715155485139
0.694196221046327,0.999874213229047
0.697731653298457,0.999809990934078
0.701752604950234,0.999353076581258
0.704638902275285,0.999703962694048
0.707525199600336,0.999864530972328
0.711029794703197,0.99980623219511
0.714997676680854,0.99939376421964
0.718608743515309,0.998954617539527
0.721533515888946,0.999486472337431
0.724250902681636,0.99982608585832
0.727419005141025,0.999865438272938
0.731259083695853,0.999658021920191
0.73516721706696,0.999028418229527
0.738399667614483,0.999152665386033
0.74111271672787,0.999715155475611
0.743979566614514,0.999874212238543
0.747514998020905,0.999809989721334
0.751535943510201,0.999353078764924
0.754422243293012,0.99970396235798
0.757308543075822,0.99986453020748
0.760813136917627,0.999806231534822
0.764781014665938,0.999393766263564
0.768392079766586,0.998954624211396
0.771316854363786,0.999486473502521
0.774034244300176,0.999826085317628
0.777202347647674,0.999865437631654
0.781042423636703,0.999658021738636
0.784950553767144,0.999028422830166
0.788183004473574,0.99915266914864
0.790896056133999,0.99971515550281
0.793762908163657,0.999874211758279
0.797298339227253,0.999809989110763
0.801319281715046,0.999353079760788
0.804205582645341,0.999703962190255
0.807091883575635,0.999864529845433
0.810596476803056,0.999806231228272
0.814564352552855,0.999393767246473
0.818175416854572,0.998954627356586
0.821100192516019,0.99948647403653
0.823817583932048,0.999826085058275
0.826985687679831,0.999865437330506
0.830825762443292,0.999658021665042
0.834733891055816,0.999028425017603
0.837966341858316,0.999152670905387
0.840679394726886,0.999715155506305
0.843546247754116,0.999874211530667
0.847081678635387,0.999809988828054
0.851102619704675,0.999353080251337
0.853988921191849,0.999703962112175
0.856875222679023,0.999864529671248
0.860379815616138,0.999806231078972
0.864347690403385,0.999393767714695
0.867958754314141,0.998954628873683
0.870883530484062,0.999486474298739
0.873600922614515,0.99982608493453
0.876769026560961,0.999865437184892
0.880609100738127,0.999658021625901
0.884517228615506,0.999028426067064
0.887749679457919,0.999152671757925
0.890462732906987,0.999715155510823
0.893329586419252,0.999874211421244
0.896865017218872,0.99980998869013
0.900885957605012,0.999353080481553
0.90377225935596,0.999703962074212
0.906658561106908,0.999864529588294
0.910163153904196,0.99980623100841
0.914131028233348,0.999393767939072
0.917742091959874,0.99895462959502
0.920666868373007,0.999486474422038
0.923384260842938,0.99982608487529
0.926552364882186,0.999865437115761
0.930392438779139,0.999658021608372
0.934300566307857,0.999028426567736
0.937533017171156,0.999152672161751
0.940246070896907,0.99971515551213
0.94311292463865,0.999874211369107
0.94664835539758,0.999809988625014
0.950669295458583,0.999353080592914
0.953555597336385,0.999703962056251
0.956441899214187,0.999864529548535
0.959946491944927,0.999806230974428
0.963914366054425,0.999393768046195
0.967525429692061,0.998954629941101
0.970450206221446,0.999486474481608
0.973167598854315,0.99982608484699
0.976335702938585,0.999865437082562
0.980175776701534,0.999658021599636
0.984083904062707,0.999028426807439
0.987316354935452,0.999152672355959
0.990029408793746,0.999715155513011
0.992896262645932,0.999874211344125
0.996431693385899,0.999809988593634
1.00045263329101,0.999353080645773
1.00333893522924,0.999703962047607
1.00622523716747,0.999864529529555
1.00972982986631,0.999806230958254
1.01369770387098,0.999393768097458
1.01730876746636,0.998954630106201
1.02023354405133,0.999486474509901
1.02295093676191,0.999826084833452
1.02611904086751,0.999865437066734
1.0299591145664,0.999658021595567
1.03386724184773,0.999028426921946
1.03709969272515,0.99915267244847
1.03981274664674,0.999715155513355
1.04267960055151,0.999874211332198
1.04621503128226,0.999809988578706
1.05023597111297,0.999353080671161
1.05312227308016,0.999703962043492
1.05600857504735,0.999864529520472
1.05951316773096,0.9998062309505
1.06348104168545,0.999393768121952
1.06709210526056,0.998954630185245
1.07001688187211,0.999486474523485
1.0727342746199,0.999826084826982
1.07590237873575,0.999865437059153
1.07974245240401,0.999658021593588
1.08365057964708,0.999028426976719
1.0868830305267,0.999152672492803
1.08959608447857,0.999715155513543
1.09246293840854,0.999874211326491
1.09599836913494,0.999809988571545
1.10001930893003,0.999353080683264
1.10290561091105,0.999703962041519
1.10579191289206,0.999864529516132
1.10929650556838,0.999806230946798
1.1132643794989,0.999393768133667
1.11687544306433,0.99895463022301
1.11980021968859,0.999486474529965
1.12251761245416,0.999826084823888
1.1256857165749,0.999865437055531
1.12952579022852,0.99965802159265
1.13343391745332,0.999028427002899
1.13666636833399,0.999152672513974
1.13937942230033,0.999715155513628
1.14224627624234,0.999874211323763
1.14578170696664,0.999809988568127
1.14980264674472,0.999353080689057
1.15268894873235,0.999703962040576
1.15557525071998,0.999864529514057
1.15907984339281,0.999806230945028
1.16304771731187,0.999393768139269
1.16665878087267,0.99895463024107
1.169583557503,0.999486474533065
1.17230095027707,0.999826084822408
1.17546905440016,0.999865437053799
1.17930912804677,0.999658021592202
1.18321725526283,0.999028427015422
1.18644970614401,0.999152672524096
1.18916276011727,0.999715155513667
1.19202961406504,0.999874211322459
1.19556504478834,0.999809988566494
1.19958598455828,0.99935308069183
1.20247228654907,0.999703962040127
1.20535858853986,0.999864529513064
1.20886318121103,0.999806230944181
1.21283105512461,0.999393768141944
1.2164421186832,0.998954630249704
1.21936689531643,0.999486474534549
1.22208428809457,0.999826084821702
1.22525239221877,0.999865437052972
1.22909246586204,0.999658021591987
1.23300059307393,0.9990284270214
1.23623304395534,0.999152672528934
1.23894609793191,0.999715155513687
1.24181295188243,0.999874211321836
1.24534838260525,0.999809988565712
1.24936932237131,0.99935308069315
1.25225562436361,0.999703962039911
1.25514192635591,0.99986452951259
1.25864651902628,0.999806230943777
1.26261439293724,0.999393768143223
1.26622545649478,0.998954630253821
1.2691502331294,0.999486474535254
1.27186762590947,0.999826084821364
1.27503573003421,0.999865437052577
1.27887580367588,0.999658021591884
1.28278393088578,0.999028427024255
1.28601638176731,0.999152672531245
1.28872943574545,0.999715155513697
1.29159628969729,0.999874211321538
1.29513172041988,0.999809988565338
1.29915266018408,0.99935308069378
1.3020389621771,0.999703962039808
1.30492526417012,0.999864529512364
1.30842985684011,0.999806230943584
1.31239773074982,0.999393768143838
1.31600879430685,0.998954630255793
1.31893357094214,0.99948647453559
1.32165096372314,0.999826084821201
1.32481906784813,0.999865437052388
1.32865914148903,0.999658021591838
1.33256726869797,0.99902842702563
1.33579971957956,0.999152672532347
1.33851277355847,0.999715155513698
1.34137962751093,0.999874211321395
1.3449150582334,0.999809988565162
1.34893599799671,0.999353080694092
1.35182229999009,0.999703962039759
1.35470860198346,0.999864529512254
1.35821319465327,0.99980623094349
1.36218106856237,0.99939376814413
1.36579213211916,0.998954630256748
1.36871690875476,0.999486474535757
1.37143430153621,0.999826084821124
1.37460240566133,0.999865437052296
1.37844247930187,0.999658021591811
1.38235060651034,0.999028427026286
1.38558305739196,0.999152672532887
1.38829611137123,0.999715155513703
1.39116296532399,0.999874211321327
1.39469839604642,0.999809988565073
1.39871933580929,0.999353080694232
1.40160563780283,0.999703962039735
1.40449193979637,0.999864529512203
1.40799653246609,0.999806230943445
1.41196440637491,0.99939376814427
1.41557546993157,0.998954630257203
1.41850024656733,0.999486474535837
1.42121763934899,0.999826084821087
1.42438574347417,0.999865437052253
1.42822581711453,0.9996580215918
1.43213394432279,0.9990284270266
1.43536639520441,0.999152672533142
1.43807944918386,0.999715155513705
1.44094630313677,0.999874211321294
1.44448173385917,0.999809988565033
1.44850267362185,0.999353080694302
1.45138897561546,0.999703962039724
1.45427527760908,0.999864529512178
1.45777987027876,0.999806230943426
1.46174774418744,0.999393768144335
1.46535880774406,0.998954630257408
1.46828358437989,0.99948647453587
1.47100097716165,0.99982608482107
1.47416908128685,0.999865437052233
1.47800915492713,0.999658021591796
1.48191728213529,0.999028427026748
1.48514973301692,0.999152672533256
1.48786278699644,0.999715155513703
1.49072964094942,0.999874211321279
1.49426507167181,0.999809988565014
1.49828601143439,0.999353080694336
1.50117231342804,0.999703962039718
1.5040586154217,0.999864529512166
1.50756320809136,0.999806230943414
1.51153108199997,0.99939376814437
1.51514214555656,0.99895463025752
1.51806692219242,0.999486474535889
1.52078431497423,0.999826084821061
1.52395241909945,0.999865437052223
1.52779249273969,0.999658021591793
1.53170061994779,0.999028427026821
1.53493307082943,0.999152672533318
1.53764612480899,0.999715155513705
1.540512978762,0.999874211321271
1.54404840948439,0.999809988565004
1.54806934924692,0.999353080694353
1.55095565124059,0.999703962039716
1.55384195323427,0.99986452951216
1.55734654590392,0.999806230943409
1.5613144198125,0.999393768144386
1.56492548336907,0.998954630257573
1.56785026000495,0.999486474535899
1.57056765278679,0.999826084821057
1.57373575691201,0.999865437052217
1.57757583055223,0.99965802159179
1.5814839577603,0.99902842702686
1.58471640864194,0.999152672533354
1.58742946262152,0.999715155513706
1.59029631657456,0.999874211321267
1.59383174729694,0.999809988564998
1.59785268705944,0.999353080694356
1.60073898905312,0.999703962039714
1.6036252910468,0.999864529512158
1.60712988371645,0.999806230943407
1.61109775762502,0.999393768144392
1.61470882118159,0.998954630257592
1.61763359781748,0.999486474535902
1.62035099059932,0.999826084821055
1.62351909472455,0.999865437052215
1.62735916836476,0.999658021591789
1.63126729557282,0.999028427026876
1.63449974645445,0.999152672533368
1.63721280043405,0.999715155513706
1.64007965438709,0.999874211321265
1.64361508510948,0.999809988564995
1.64763602487197,0.99935308069436
1.65052232686565,0.999703962039713
1.65340862885934,0.999864529512156
1.65691322152898,0.999806230943406
1.66088109543754,0.999393768144395
1.6644921589941,0.998954630257605
1.66741693563,0.999486474535905
1.67013432841185,0.999826084821054
1.67330243253708,0.999865437052214
1.67714250617728,0.99965802159179
1.68105063338534,0.999028427026883
1.68428308426698,0.999152672533369
1.68699613824658,0.999715155513705
1.68986299219962,0.999874211321265
1.693398422922,0.999809988564995
1.69741936268449,0.999353080694363
1.70030566467817,0.999703962039714
1.70319196667186,0.999864529512156
1.7066965593415,0.999806230943406
1.71066443325006,0.999393768144396
1.71427549680662,0.99895463025761
1.71720027344251,0.999486474535906
1.71991766622437,0.999826084821054
1.7230857703496,0.999865437052213
1.7269258439898,0.999658021591789
1.73083397119786,0.999028427026886
1.73406642207949,0.999152672533374
1.7367794760591,0.999715155513706
1.73964633001214,0.999874211321265
1.74318176073452,0.999809988564994
1.74720270049701,0.999353080694362
1.7500890024907,0.999703962039713
1.75297530448438,0.999864529512155
1.75647989715403,0.999806230943406
1.76044777106258,0.999393768144398
1.76405883461914,0.998954630257613
1.76698361125504,0.999486474535906
1.7697010040369,0.999826084821054
1.77286910816212,0.999865437052213
1.77670918180232,0.999658021591789
1.78061730901038,0.999028427026889
1.78384975989201,0.999152672533377
1.78656281387162,0.999715155513706
1.78942966782466,0.999874211321264
1.79296509854705,0.999809988564994
1.79698603830953,0.999353080694362
1.79987234030322,0.999703962039713
1.80275864229691,0.999864529512155
1.80626323496655,0.999806230943406
1.8102311088751,0.999393768144399
1.81384217243167,0.998954630257608
1.81676694906756,0.999486474535904
1.81948434184942,0.999826084821053
1.82265244597464,0.999865437052214
1.82649251961484,0.999658021591792
1.8304006468229,0.999028427026891
1.83363309770454,0.999152672533371
1.83634615168415,0.999715155513704
1.83921300563719,0.999874211321264
1.84274843635957,0.999809988564996
1.84676937612205,0.999353080694367
1.84965567811574,0.999703962039713
1.85254198010943,0.999864529512155
1.85604657277908,0.999806230943405
1.86001444668763,0.999393768144398
1.86362551024419,0.998954630257614
1.86655028688008,0.999486474535907
1.86926767966194,0.999826084821053
1.87243578378717,0.999865437052213
1.87627585742737,0.999658021591791
1.88018398463543,0.999028427026892
1.88341643551706,0.999152672533375
1.88612948949667,0.999715155513705
1.88899634344971,0.999874211321264
1.89253177417209,0.999809988564994
1.89655271393457,0.999353080694367
1.89943901592827,0.999703962039713
1.90232531792196,0.999864529512154
1.9058299105916,0.999806230943406
1.90979778450015,0.999393768144399
1.91340884805672,0.998954630257613
1.91633362469261,0.999486474535905
1.91905101747447,0.999826084821054
1.9222191215997,0.999865437052213
1.9260591952399,0.99965802159179
1.92996732244796,0.999028427026888
1.93319977332959,0.999152672533375
1.9359128273092,0.999715155513705
1.93877968126224,0.999874211321264
1.94231511198462,0.999809988564995
1.9463360517471,0.999353080694365
1.94922235374079,0.999703962039714
1.95210865573448,0.999864529512155
1.95561324840412,0.999806230943406
1.95958112231268,0.999393768144396
1.96319218586924,0.998954630257608
1.96611696250514,0.999486474535905
1.96883435528699,0.999826084821054
1.97200245941222,0.999865437052214
1.97584253305242,0.99965802159179
1.97975066026048,0.999028427026883
1.98298311114212,0.999152672533369
1.98569616512172,0.999715155513705
1.98856301907476,0.999874211321265
1.99209844979714,0.999809988564995
1.99611938955963,0.999353080694364
1.99900569155332,0.999703962039713
2.00189199354701,0.999864529512155
2.00539658621665,0.999806230943406
2.00936446012521,0.999393768144396
2.01297552368177,0.998954630257609
2.01590030031766,0.999486474535905
2.01861769309952,0.999826084821054
2.02178579722475,0.999865437052213
2.02562587086495,0.99965802159179
2.02953399807301,0.999028427026885
2.03276644895464,0.999152672533371
2.03547950293425,0.999715155513705
2.03834635688729,0.999874211321264
2.04188178760967,0.999809988564995
2.04590272737215,0.999353080694365
2.04878902936584,0.999703962039713
2.05167533135953,0.999864529512155
2.05517992402917,0.999806230943406
2.05914779793773,0.999393768144398
2.06275886149429,0.998954630257612
2.06568363813019,0.999486474535905
2.06840103091204,0.999826084821053
2.07156913503727,0.999865437052213
2.07540920867747,0.999658021591791
2.07931733588553,0.999028427026889
2.08254978676717,0.999152672533373
2.08526284074677,0.999715155513705
2.08812969469981,0.999874211321264
2.09166512542219,0.999809988564995
2.09568606518468,0.999353080694367
2.09857236717837,0.999703962039713
2.10145866917206,0.999864529512155
2.1049632618417,0.999806230943405
2.10893113575025,0.999393768144401
2.11254219930681,0.998954630257616
2.11546697594271,0.999486474535905
2.11818436872457,0.999826084821053
2.12135247284979,0.999865437052213
2.12519254648999,0.999658021591792
2.12910067369805,0.999028427026894
2.13233312457969,0.999152672533373
2.13504617855929,0.999715155513704
2.13791303251234,0.999874211321264
2.14144846323471,0.999809988564995
2.1454694029972,0.999353080694369
2.14835570499089,0.999703962039713
2.15124200698458,0.999864529512154
2.15474659965423,0.999806230943404
2.15871447356277,0.9993937681444
2.16232553711933,0.998954630257619
2.16525031375523,0.999486474535907
2.16796770653709,0.999826084821053
2.17113581066232,0.999865437052212
2.17497588430252,0.99965802159179
2.17888401151057,0.999028427026894
2.18211646239221,0.999152672533377
2.18482951637182,0.999715155513705
2.18769637032486,0.999874211321264
2.19123180104724,0.999809988564995
2.19525274080973,0.999353080694367
2.19813904280342,0.999703962039713
2.20102534479711,0.999864529512154
2.20452993746675,0.999806230943406
2.2084978113753,0.999393768144398
2.21210887493186,0.998954630257613
2.21503365156776,0.999486474535906
2.21775104434962,0.999826084821053
2.22091914847485,0.999865437052213
2.22475922211505,0.99965802159179
2.2286673493231,0.999028427026888
2.23189980020474,0.999152672533374
2.23461285418434,0.999715155513705
2.23747970813739,0.999874211321264
2.24101513885977,0.999809988564995
2.24503607862225,0.999353080694366
2.24792238061594,0.999703962039714
2.25080868260963,0.999864529512155
2.25431327527927,0.999806230943405
2.25828114918782,0.999393768144399
2.26189221274438,0.998954630257615
2.26481698938028,0.999486474535906
2.26753438216214,0.999826084821053
2.27070248628737,0.999865437052213
2.27454255992757,0.999658021591789
2.27845068713562,0.999028427026889
2.28168313801726,0.999152672533377
2.28439619199686,0.999715155513706
2.28726304594991,0.999874211321264
2.29079847667229,0.999809988564994
2.29481941643477,0.999353080694364
2.29770571842846,0.999703962039713
2.30059202042215,0.999864529512155
2.30409661309179,0.999806230943406
2.30806448700035,0.999393768144398
2.31167555055691,0.99895463025761
2.31460032719281,0.999486474535904
2.31731771997466,0.999826084821053
2.32048582409988,0.999865437052214
2.32432589774008,0.999658021591792
2.32823402494814,0.999028427026891
2.33146647582978,0.999152672533371
2.33417952980939,0.999715155513704
2.33704638376243,0.999874211321264
2.34058181448481,0.999809988564996
2.34460275424729,0.999353080694367
2.34748905624098,0.999703962039713
2.35037535823467,0.999864529512155
2.35387995090432,0.999806230943405
2.35784782481287,0.999393768144398
2.36145888836943,0.998954630257614
2.36438366500533,0.999486474535907
2.36710105778718,0.999826084821053
2.37026916191241,0.999865437052213
2.37410923555261,0.999658021591791
2.37801736276067,0.999028427026892
2.3812498136423,0.999152672533375
2.38396286762191,0.999715155513705
2.38682972157495,0.999874211321264
2.39036515229733,0.999809988564994
2.39438609205982,0.999353080694367
2.39727239405351,0.999703962039713
2.4001586960472,0.999864529512154
2.40366328871684,0.999806230943406
2.40763116262539,0.999393768144399
2.41124222618196,0.998954630257613
2.41416700281785,0.999486474535905
2.41688439559971,0.999826084821054
2.42005249972494,0.999865437052213
2.42389257336514,0.99965802159179
2.4278007005732,0.999028427026888
2.43103315145483,0.999152672533375
2.43374620543443,0.999715155513705
2.43661305938748,0.999874211321264
2.44014849010986,0.999809988564995
2.44416942987234,0.999353080694365
2.44705573186603,0.999703962039714
2.44994203385972,0.999864529512155
2.45344662652936,0.999806230943406
2.45741450043792,0.999393768144396
2.46102556399448,0.998954630257608
2.46395034063038,0.999486474535905
2.46666773341223,0.999826084821054
2.46983583753746,0.999865437052214
2.47367591117766,0.99965802159179
2.47758403838573,0.999028427026883
2.48081648926736,0.999152672533369
2.48352954324696,0.999715155513705
2.4863963972,0.999874211321265
2.48993182792238,0.999809988564995
2.49395276768487,0.999353080694364
2.49683906967856,0.999703962039713
2.49972537167225,0.999864529512155
2.50322996434189,0.999806230943406
2.50719783825045,0.999393768144396
2.51080890180701,0.998954630257609
2.5137336784429,0.999486474535905
2.51645107122476,0.999826084821054
2.51961917534999,0.999865437052213
2.52345924899019,0.99965802159179
2.52736737619825,0.999028427026885
2.53059982707988,0.999152672533371
2.53331288105949,0.999715155513705
2.53617973501253,0.999874211321264
2.53971516573491,0.999809988564995
2.54373610549739,0.999353080694365
2.54662240749108,0.999703962039713
2.54950870948477,0.999864529512155
2.55301330215441,0.999806230943406
2.55698117606297,0.999393768144398
2.56059223961953,0.998954630257612
2.56351701625543,0.999486474535905
2.56623440903728,0.999826084821053
2.56940251316251,0.999865437052213
2.57324258680271,0.999658021591791
2.57715071401077,0.999028427026889
2.58038316489241,0.999152672533373
2.58309621887201,0.999715155513705
2.58596307282505,0.999874211321264
2.58949850354743,0.999809988564995
2.59351944330992,0.999353080694367
2.59640574530361,0.999703962039713
2.5992920472973,0.999864529512155
2.60279663996694,0.999806230943405
2.60676451387549,0.999393768144401
2.61037557743205,0.998954630257616
2.61330035406795,0.999486474535905
2.61601774684981,0.999826084821053
2.61918585097503,0.999865437052213
2.62302592461523,0.999658021591792
2.62693405182329,0.999028427026894
2.63016650270493,0.999152672533373
2.63287955668453,0.999715155513704
2.63574641063758,0.999874211321264
2.63928184135995,0.999809988564995
2.64330278112244,0.999353080694369
2.64618908311613,0.999703962039713
2.64907538510982,0.999864529512154
2.65257997777947,0.999806230943404
2.65654785168801,0.9993937681444
2.66015891524457,0.998954630257619
2.66308369188047,0.999486474535907
2.66580108466233,0.999826084821053
2.66896918878756,0.999865437052212
2.67280926242776,0.99965802159179
2.67671738963581,0.999028427026894
2.67994984051745,0.999152672533377
2.68266289449706,0.999715155513705
2.6855297484501,0.999874211321264
2.68906517917248,0.999809988564995
2.69308611893497,0.999353080694367
2.69597242092866,0.999703962039713
2.69885872292235,0.999864529512154
2.70236331559199,0.999806230943406
2.70633118950054,0.999393768144398
2.7099422530571,0.998954630257613
2.712867029693,0.999486474535906
2.71558442247486,0.999826084821053
2.71875252660009,0.999865437052213
2.72259260024029,0.99965802159179
2.72650072744834,0.999028427026888
2.72973317832998,0.999152672533374
2.73244623230958,0.999715155513705
2.73531308626263,0.999874211321264
2.73884851698501,0.999809988564995
2.74286945674749,0.999353080694366
2.74575575874118,0.999703962039714
2.74864206073487,0.999864529512155
2.75214665340451,0.999806230943405
2.75611452731306,0.999393768144399
2.75972559086962,0.998954630257615
2.76265036750552,0.999486474535906
2.76536776028738,0.999826084821053
2.76853586441261,0.999865437052213
2.77237593805281,0.999658021591789
2.77628406526086,0.999028427026889
2.7795165161425,0.999152672533377
2.7822295701221,0.999715155513706
2.78509642407515,0.999874211321264
2.78863185479753,0.999809988564994
2.79265279456001,0.999353080694364
2.7955390965537,0.999703962039713
2.79842539854739,0.999864529512155
2.80192999121703,0.999806230943406
2.80589786512559,0.999393768144398
2.80950892868215,0.99895463025761
2.81243370531804,0.999486474535904
2.8151510980999,0.999826084821053
2.81831920222512,0.999865437052214
2.82215927586532,0.999658021591792
2.82606740307338,0.999028427026891
2.82929985395502,0.999152672533371
2.83201290793463,0.999715155513704
2.83487976188767,0.999874211321264
2.83841519261005,0.999809988564996
2.84243613237253,0.999353080694367
2.84532243436622,0.999703962039713
2.84820873635991,0.999864529512155
2.85171332902956,0.999806230943405
2.85568120293811,0.999393768144398
2.85929226649467,0.998954630257614
2.86221704313057,0.999486474535907
2.86493443591242,0.999826084821053
2.86810254003765,0.999865437052213
2.87194261367785,0.999658021591791
2.87585074088591,0.999028427026892
2.87908319176754,0.999152672533375
2.88179624574715,0.999715155513705
2.88466309970019,0.999874211321264
2.88819853042257,0.999809988564994
2.89221947018505,0.999353080694367
2.89510577217875,0.999703962039713
2.89799207417244,0.999864529512154
2.90149666684208,0.999806230943406
2.90546454075063,0.999393768144399
2.9090756043072,0.998954630257613
2.91200038094309,0.999486474535905
2.91471777372495,0.999826084821054
2.91788587785018,0.999865437052213
2.92172595149038,0.99965802159179
2.92563407869843,0.999028427026888
2.92886652958007,0.999152672533375
2.93157958355967,0.999715155513705
2.93444643751272,0.999874211321264
2.9379818682351,0.999809988564995
2.94200280799758,0.999353080694365
2.94488910999127,0.999703962039714
2.94777541198496,0.999864529512155
2.9512800046546,0.999806230943406
2.95524787856316,0.999393768144396
2.95885894211972,0.998954630257608
2.96178371875562,0.999486474535905
2.96450111153747,0.999826084821054
2.9676692156627,0.999865437052214
2.9715092893029,0.99965802159179
2.97541741651097,0.999028427026883
2.9786498673926,0.999152672533369
2.9813629213722,0.999715155513705
2.98422977532524,0.999874211321265
2.98776520604762,0.999809988564995
2.99178614581011,0.999353080694364
2.9946724478038,0.999703962039713
2.99755874979749,0.999864529512155
3.00106334246713,0.999806230943406
3.00503121637569,0.999393768144396
3.00864227993225,0.998954630257609
3.01156705656814,0.999486474535905
3.01428444935,0.999826084821054
3.01745255347523,0.999865437052213
3.02129262711543,0.99965802159179
3.02520075432349,0.999028427026885
3.02843320520512,0.999152672533371
3.03114625918473,0.999715155513705
3.03401311313777,0.999874211321264
3.03754854386015,0.999809988564995
3.04156948362263,0.999353080694365
3.04445578561632,0.999703962039713
3.04734208761001,0.999864529512155
3.05084668027965,0.999806230943406
3.05481455418821,0.999393768144398
3.05842561774477,0.998954630257612
3.06135039438067,0.999486474535905
3.06406778716252,0.999826084821053
3.06723589128775,0.999865437052213
3.07107596492795,0.999658021591791
3.07498409213601,0.999028427026889
3.07821654301765,0.999152672533373
3.08092959699725,0.999715155513705
3.08379645095029,0.999874211321264
3.08733188167267,0.999809988564995
3.09135282143516,0.999353080694367
3.09423912342885,0.999703962039713
3.09712542542254,0.999864529512155
3.10063001809218,0.999806230943405
3.10459789200073,0.999393768144401
3.10820895555729,0.998954630257616
3.11113373219319,0.999486474535905
3.11385112497505,0.999826084821053
3.11701922910027,0.999865437052213
3.12085930274047,0.999658021591792
3.12476742994853,0.999028427026894
3.12799988083017,0.999152672533373
3.13071293480977,0.999715155513704
3.13357978876282,0.999874211321264
3.13711521948519,0.999809988564995
3.14113615924768,0.999353080694369
3.14402246124137,0.999703962039713
3.14690876323506,0.999864529512154
3.1504133559047,0.999806230943404
3.15438122981325,0.9993937681444
3.15799229336981,0.998954630257619
3.16091707000571,0.999486474535907
3.16363446278757,0.999826084821053
3.1668025669128,0.999865437052212
3.170642640553,0.99965802159179
3.17455076776105,0.999028427026894
3.17778321864269,0.999152672533377
3.1804962726223,0.999715155513705
3.18336312657534,0.999874211321264
3.18689855729772,0.999809988564995
3.19091949706021,0.999353080694367
3.1938057990539,0.999703962039713
3.19669210104759,0.999864529512154
3.20019669371723,0.999806230943406
3.20416456762578,0.999393768144398
3.20777563118234,0.998954630257613
3.21070040781824,0.999486474535906
3.2134178006001,0.999826084821053
3.21658590472533,0.999865437052213
3.22042597836553,0.99965802159179
3.22433410557358,0.999028427026888
3.22756655645522,0.999152672533374
3.23027961043482,0.999715155513705
3.23314646438787,0.999874211321264
3.23668189511025,0.999809988564995
3.24070283487273,0.999353080694366
3.24358913686642,0.999703962039714
3.24647543886011,0.999864529512155
3.24998003152975,0.999806230943405
3.2539479054383,0.999393768144399
3.25755896899486,0.998954630257615
3.26048374563076,0.999486474535906
3.26320113841262,0.999826084821053
3.26636924253785,0.999865437052213
3.27020931617805,0.999658021591789
3.2741174433861,0.999028427026889
3.27734989426774,0.999152672533377
3.28006294824734,0.999715155513706
3.28292980220039,0.999874211321264
3.28646523292277,0.999809988564994
3.29048617268525,0.999353080694364
3.29337247467894,0.999703962039713
3.29625877667263,0.999864529512155
3.29976336934227,0.999806230943406
3.30373124325083,0.999393768144398
3.30734230680739,0.99895463025761
3.31026708344328,0.999486474535904
3.31298447622514,0.999826084821053
3.31615258035036,0.999865437052214
3.31999265399056,0.999658021591792
3.32390078119862,0.999028427026891
3.32713323208026,0.999152672533371
3.32984628605987,0.999715155513704
3.33271314001291,0.999874211321264
3.33624857073529,0.999809988564996
3.34026951049777,0.999353080694367
3.34315581249146,0.999703962039713
3.34604211448515,0.999864529512155
3.3495467071548,0.999806230943405
3.35351458106335,0.999393768144398
3.35712564461991,0.998954630257614
3.3600504212558,0.999486474535907
3.36276781403766,0.999826084821053
3.36593591816289,0.999865437052213
3.36977599180309,0.999658021591791
3.37368411901115,0.999028427026892
3.37691656989278,0.999152672533375
3.37962962387239,0.999715155513705
3.38249647782543,0.999874211321264
3.38603190854781,0.999809988564994
3.39005284831029,0.999353080694367
3.39293915030399,0.999703962039713
3.39582545229768,0.999864529512154
3.39933004496732,0.999806230943406
3.40329791887587,0.999393768144399
3.40690898243243,0.998954630257613
3.40983375906833,0.999486474535905
3.41255115185019,0.999826084821054
3.41571925597542,0.999865437052213
3.41955932961562,0.99965802159179
3.42346745682367,0.999028427026888
3.42669990770531,0.999152672533375
3.42941296168491,0.999715155513705
3.43227981563796,0.999874211321264
3.43581524636034,0.999809988564995
3.43983618612282,0.999353080694365
3.44272248811651,0.999703962039714
3.4456087901102,0.999864529512155
3.44911338277984,0.999806230943406
3.4530812566884,0.999393768144396
3.45669232024496,0.998954630257608
3.45961709688086,0.999486474535905
3.46233448966271,0.999826084821054
3.46550259378794,0.999865437052214
3.46934266742814,0.99965802159179
3.4732507946362,0.999028427026883
3.47648324551784,0.999152672533369
3.47919629949744,0.999715155513705
3.48206315345048,0.999874211321265
3.48559858417286,0.999809988564995
3.48961952393535,0.999353080694364
3.49250582592904,0.999703962039713
3.49539212792273,0.999864529512155
3.49889672059237,0.999806230943406
3.50286459450093,0.999393768144396
3.50647565805749,0.998954630257609
3.50940043469338,0.999486474535905
3.51211782747524,0.999826084821054
3.51528593160047,0.999865437052213
3.51912600524067,0.99965802159179
3.52303413244873,0.999028427026885
3.52626658333036,0.999152672533371
3.52897963730996,0.999715155513705
3.531846491263,0.999874211321264
3.53538192198539,0.999809988564995
3.53940286174787,0.999353080694365
3.54228916374156,0.999703962039713
3.54517546573525,0.999864529512155
3.54868005840489,0.999806230943406
3.55264793231345,0.999393768144398
3.55625899587001,0.998954630257612
3.55918377250591,0.999486474535905
3.56190116528776,0.999826084821053
3.56506926941299,0.999865437052213
3.56890934305319,0.999658021591791
3.57281747026125,0.999028427026889
3.57604992114289,0.999152672533373
3.57876297512249,0.999715155513705
3.58162982907553,0.999874211321264
3.58516525979791,0.999809988564995
3.5891861995604,0.999353080694367
3.59207250155409,0.999703962039713
3.59495880354778,0.999864529512155
3.59846339621742,0.999806230943405
3.60243127012597,0.999393768144401
3.60604233368253,0.998954630257616
3.60896711031843,0.999486474535905
3.61168450310029,0.999826084821053
3.61485260722551,0.999865437052213
3.61869268086571,0.999658021591792
3.62260080807377,0.999028427026894
3.62583325895541,0.999152672533373
3.62854631293501,0.999715155513704
3.63141316688805,0.999874211321264
3.63494859761043,0.999809988564995
3.63896953737292,0.999353080694369
3.64185583936661,0.999703962039713
3.6447421413603,0.999864529512154
3.64824673402994,0.999806230943404
3.65221460793849,0.9993937681444
3.65582567149505,0.998954630257619
3.65875044813095,0.999486474535907
3.66146784091281,0.999826084821053
3.66463594503804,0.999865437052212
3.66847601867824,0.99965802159179
3.67238414588629,0.999028427026894
3.67561659676793,0.999152672533377
3.67832965074754,0.999715155513705
3.68119650470058,0.999874211321264
3.68473193542296,0.999809988564995
3.68875287518545,0.999353080694367
3.69163917717914,0.999703962039713
3.69452547917283,0.999864529512154
3.69803007184247,0.999806230943406
3.70199794575102,0.999393768144398
3.70560900930758,0.998954630257613
3.70853378594348,0.999486474535906
3.71125117872534,0.999826084821053
3.71441928285056,0.999865437052213
3.71825935649077,0.99965802159179
3.72216748369882,0.999028427026888
3.72539993458046,0.999152672533374
3.72811298856006,0.999715155513705
3.73097984251311,0.999874211321264
3.73451527323549,0.999809988564995
3.73853621299797,0.999353080694366
3.74142251499166,0.999703962039714
3.74430881698535,0.999864529512155
3.74781340965499,0.999806230943405
3.75178128356354,0.999393768144399
3.7553923471201,0.998954630257615
3.758317123756,0.999486474535906
3.76103451653786,0.999826084821053
3.76420262066309,0.999865437052213
3.76804269430329,0.999658021591789
3.77195082151134,0.999028427026889
3.77518327239298,0.999152672533377
3.77789632637258,0.999715155513706
3.78076318032563,0.999874211321264
3.78429861104801,0.999809988564994
3.78831955081049,0.999353080694364
3.79120585280418,0.999703962039713
3.79409215479787,0.999864529512155
3.79759674746751,0.999806230943406
3.80156462137606,0.999393768144398
3.80517568493263,0.99895463025761
3.80810046156852,0.999486474535904
3.81081785435038,0.999826084821053
3.8139859584756,0.999865437052214
3.8178260321158,0.999658021591792
3.82173415932386,0.999028427026891
3.8249666102055,0.999152672533371
3.82767966418511,0.999715155513704
3.83054651813815,0.999874211321264
3.83408194886053,0.999809988564996
3.83810288862301,0.999353080694367
3.8409891906167,0.999703962039713
3.84387549261039,0.999864529512155
3.84738008528004,0.999806230943405
3.85134795918859,0.999393768144398
3.85495902274515,0.998954630257614
3.85788379938104,0.999486474535907
3.8606011921629,0.999826084821053
3.86376929628813,0.999865437052213
3.86760936992833,0.999658021591791
3.87151749713638,0.999028427026892
3.87474994801802,0.999152672533375
3.87746300199763,0.999715155513705
3.88032985595067,0.999874211321264
3.88386528667305,0.999809988564994
3.88788622643553,0.999353080694367
3.89077252842922,0.999703962039713
3.89365883042292,0.999864529512154
3.89716342309256,0.999806230943406
3.90113129700111,0.999393768144399
3.90474236055767,0.998954630257613
3.90766713719357,0.999486474535905
3.91038452997543,0.999826084821054
3.91355263410066,0.999865437052213
3.91739270774086,0.99965802159179
3.92130083494891,0.999028427026888
3.92453328583055,0.999152672533375
3.92724633981015,0.999715155513705
3.9301131937632,0.999874211321264
3.93364862448558,0.999809988564995
3.93766956424806,0.999353080694365
3.94055586624175,0.999703962039714
3.94344216823544,0.999864529512155
3.94694676090508,0.999806230943406
3.95091463481364,0.999393768144396
3.9545256983702,0.998954630257608
3.9574504750061,0.999486474535905
3.96016786778795,0.999826084821054
3.96333597191318,0.999865437052214
3.96717604555338,0.99965802159179
3.97108417276144,0.999028427026883
3.97431662364308,0.999152672533369
3.97702967762268,0.999715155513705
3.97989653157572,0.999874211321265
3.9834319622981,0.999809988564995
3.98745290206059,0.999353080694364
3.99033920405428,0.999703962039713
3.99322550604797,0.999864529512155
3.99673009871761,0.999806230943406
4.00069797262617,0.999393768144396
4.00430903618273,0.998954630257609
4.00723381281862,0.999486474535905
4.00995120560048,0.999826084821054
4.0131193097257,0.999865437052213
4.01695938336591,0.99965802159179
4.02086751057397,0.999028427026885
4.0240999614556,0.999152672533371
4.0268130154352,0.999715155513705
4.02967986938824,0.999874211321264
4.03321530011062,0.999809988564995
4.03723623987311,0.999353080694365
4.0401225418668,0.999703962039713
4.04300884386049,0.999864529512155
4.04651343653013,0.999806230943406
4.05048131043869,0.999393768144398
4.05409237399525,0.998954630257612
4.05701715063114,0.999486474535905
4.059734543413,0.999826084821053
4.06290264753823,0.999865437052213
4.06674272117843,0.999658021591791
4.07065084838649,0.999028427026889
4.07388329926812,0.999152672533373
4.07659635324773,0.999715155513705
4.07946320720077,0.999874211321264
4.08299863792315,0.999809988564995
4.08701957768564,0.999353080694367
4.08990587967933,0.999703962039713
4.09279218167302,0.999864529512155
4.09629677434266,0.999806230943405
4.10026464825121,0.999393768144401
4.10387571180777,0.998954630257616
4.10680048844367,0.999486474535905
4.10951788122553,0.999826084821053
4.11268598535075,0.999865437052213
4.11652605899095,0.999658021591792
4.12043418619901,0.999028427026894
4.12366663708065,0.999152672533373
4.12637969106025,0.999715155513704
4.1292465450133,0.999874211321264
4.13278197573567,0.999809988564995
4.13680291549816,0.999353080694369
4.13968921749185,0.999703962039713
4.14257551948554,0.999864529512154
4.14608011215519,0.999806230943404
4.15004798606374,0.9993937681444
4.1536590496203,0.998954630257619
4.1565838262562,0.999486474535907
4.15930121903805,0.999826084821053
4.16246932316328,0.999865437052212
4.16630939680348,0.99965802159179
4.17021752401154,0.999028427026894
4.17344997489317,0.999152672533377
4.17616302887278,0.999715155513705
4.17902988282582,0.999874211321264
4.1825653135482,0.999809988564995
4.18658625331069,0.999353080694367
4.18947255530438,0.999703962039713
4.19235885729807,0.999864529512154
4.19586344996771,0.999806230943406
4.19983132387627,0.999393768144398
4.20344238743283,0.998954630257613
4.20636716406872,0.999486474535906
4.20908455685058,0.999826084821053
4.21225266097581,0.999865437052213
4.21609273461601,0.99965802159179
4.22000086182407,0.999028427026888
4.2232333127057,0.999152672533374
4.22594636668531,0.999715155513705
4.22881322063835,0.999874211321264
4.23234865136073,0.999809988564995
4.23636959112321,0.999353080694366
4.2392558931169,0.999703962039714
4.24214219511059,0.999864529512155
4.24564678778024,0.999806230943405
4.24961466168879,0.999393768144399
4.25322572524535,0.998954630257615
4.25615050188125,0.999486474535906
4.2588678946631,0.999826084821053
4.26203599878833,0.999865437052213
4.26587607242853,0.999658021591789
4.26978419963659,0.999028427026889
4.27301665051822,0.999152672533377
4.27572970449783,0.999715155513706
4.27859655845087,0.999874211321264
4.28213198917325,0.999809988564994
4.28615292893573,0.999353080694364
4.28903923092942,0.999703962039713
4.29192553292311,0.999864529512155
4.29543012559275,0.999806230943406
4.29939799950131,0.999393768144398
4.30300906305787,0.99895463025761
4.30593383969377,0.999486474535904
4.30865123247562,0.999826084821053
4.31181933660085,0.999865437052214
4.31565941024105,0.999658021591792
4.31956753744911,0.999028427026891
4.32279998833075,0.999152672533371
4.32551304231035,0.999715155513704
4.32837989626339,0.999874211321264
4.33191532698577,0.999809988564996
4.33593626674826,0.999353080694367
4.33882256874195,0.999703962039713
4.34170887073564,0.999864529512155
4.34521346340528,0.999806230943405
4.34918133731383,0.999393768144398
4.35279240087039,0.998954630257614
4.35571717750629,0.999486474535907
4.35843457028815,0.999826084821053
4.36160267441338,0.999865437052213
4.36544274805357,0.999658021591791
4.36935087526163,0.999028427026892
4.37258332614327,0.999152672533375
4.37529638012288,0.999715155513705
4.37816323407592,0.999874211321264
4.3816986647983,0.999809988564994
4.38571960456078,0.999353080694367
4.38860590655447,0.999703962039713
4.39149220854816,0.999864529512154
4.39499680121781,0.999806230943406
4.39896467512636,0.999393768144399
4.40257573868292,0.998954630257613
4.40550051531882,0.999486474535905
4.40821790810068,0.999826084821054
4.4113860122259,0.999865437052213
4.4152260858661,0.99965802159179
4.41913421307416,0.999028427026888
4.4223666639558,0.999152672533375
4.4250797179354,0.999715155513705
4.42794657188845,0.999874211321264
4.43148200261083,0.999809988564995
4.43550294237331,0.999353080694365
4.438389244367,0.999703962039714
4.44127554636069,0.999864529512155
4.44478013903033,0.999806230943406
4.44874801293889,0.999393768144396
4.45235907649545,0.998954630257608
4.45528385313135,0.999486474535905
4.4580012459132,0.999826084821054
4.46116935003843,0.999865437052214
4.46500942367863,0.99965802159179
4.46891755088669,0.999028427026883
4.47215000176833,0.999152672533369
4.47486305574793,0.999715155513705
4.47772990970097,0.999874211321265
4.48126534042335,0.999809988564995
4.48528628018584,0.999353080694364
4.48817258217953,0.999703962039713
4.49105888417322,0.999864529512155
4.49456347684286,0.999806230943406
4.49853135075142,0.999393768144396
4.50214241430798,0.998954630257609
4.50506719094388,0.999486474535905
4.50778458372573,0.999826084821054
4.51095268785096,0.999865437052213
4.51479276149116,0.99965802159179
4.51870088869922,0.999028427026885
4.52193333958086,0.999152672533371
4.52464639356046,0.999715155513705
4.5275132475135,0.999874211321264
4.53104867823588,0.999809988564995
4.53506961799836,0.999353080694365
4.53795591999205,0.999703962039713
4.54084222198574,0.999864529512155
4.54434681465538,0.999806230943406
4.54831468856394,0.999393768144398
4.5519257521205,0.998954630257612
4.5548505287564,0.999486474535905
4.55756792153825,0.999826084821053
4.56073602566348,0.999865437052213
4.56457609930368,0.999658021591791
4.56848422651174,0.999028427026889
4.57171667739338,0.999152672533373
4.57442973137298,0.999715155513705
4.57729658532602,0.999874211321264
4.5808320160484,0.999809988564995
4.58485295581089,0.999353080694367
4.58773925780458,0.999703962039713
4.59062555979827,0.999864529512155
4.59413015246791,0.999806230943405
4.59809802637646,0.999393768144401
4.60170908993302,0.998954630257616
4.60463386656892,0.999486474535905
4.60735125935078,0.999826084821053
4.61051936347601,0.999865437052213
4.6143594371162,0.999658021591792
4.61826756432426,0.999028427026894
4.6215000152059,0.999152672533373
4.62421306918551,0.999715155513704
4.62707992313855,0.999874211321264
4.63061535386093,0.999809988564995
4.63463629362341,0.999353080694369
4.6375225956171,0.999703962039713
4.6404088976108,0.999864529512154
4.64391349028044,0.999806230943404
4.64788136418899,0.9993937681444
4.65149242774555,0.998954630257619
4.65441720438145,0.999486474535907
4.65713459716331,0.999826084821053
4.66030270128854,0.999865437052212
4.66414277492873,0.99965802159179
4.66805090213679,0.999028427026894
4.67128335301843,0.999152672533377
4.67399640699803,0.999715155513705
4.67686326095108,0.999874211321264
4.68039869167346,0.999809988564995
4.68441963143594,0.999353080694367
4.68730593342963,0.999703962039713
4.69019223542332,0.999864529512154
4.69369682809296,0.999806230943406
4.69766470200152,0.999393768144398
4.70127576555808,0.998954630257613
4.70420054219398,0.999486474535906
4.70691793497583,0.999826084821053
4.71008603910106,0.999865437052213
4.71392611274126,0.99965802159179
4.71783423994932,0.999028427026888
4.72106669083096,0.999152672533374
4.72377974481056,0.999715155513705
4.7266465987636,0.999874211321264
4.73018202948598,0.999809988564995
4.73420296924847,0.999353080694366
4.73708927124216,0.999703962039714
4.73997557323585,0.999864529512155
4.74348016590549,0.999806230943405
4.74744803981404,0.999393768144399
4.7510591033706,0.998954630257615
4.7539838800065,0.999486474535906
4.75670127278836,0.999826084821053
4.75986937691358,0.999865437052213
4.76370945055378,0.999658021591789
4.76761757776184,0.999028427026889
4.77085002864347,0.999152672533377
4.77356308262308,0.999715155513706
4.77642993657612,0.999874211321264
4.77996536729851,0.999809988564994
4.78398630706099,0.999353080694364
4.78687260905468,0.999703962039713
4.78975891104836,0.999864529512155
4.79326350371801,0.999806230943406
4.79723137762656,0.999393768144398
4.80084244118312,0.99895463025761
4.80376721781902,0.999486474535904
4.80648461060088,0.999826084821053
4.8096527147261,0.999865437052214
4.8134927883663,0.999658021591792
4.81740091557436,0.999028427026891
4.820633366456,0.999152672533371
4.8233464204356,0.999715155513704
4.82621327438865,0.999874211321264
4.82974870511102,0.999809988564996
4.83376964487351,0.999353080694367
4.8366559468672,0.999703962039713
4.83954224886089,0.999864529512155
4.84304684153053,0.999806230943405
4.84701471543909,0.999393768144398
4.85062577899565,0.998954630257614
4.85355055563154,0.999486474535907
4.8562679484134,0.999826084821053
4.85943605253863,0.999865437052213
4.86327612617883,0.999658021591791
4.86718425338688,0.999028427026892
4.87041670426852,0.999152672533375
4.87312975824813,0.999715155513705
4.87599661220117,0.999874211321264
4.87953204292355,0.999809988564994
4.88355298268603,0.999353080694367
4.88643928467973,0.999703962039713
4.88932558667342,0.999864529512154
4.89283017934306,0.999806230943406
4.89679805325161,0.999393768144399
4.90040911680818,0.998954630257613
4.90333389344407,0.999486474535905
4.90605128622593,0.999826084821054
4.90921939035116,0.999865437052213
4.91305946399136,0.99965802159179
4.91696759119942,0.999028427026888
4.92020004208105,0.999152672533375
4.92291309606066,0.999715155513705
4.9257799500137,0.999874211321264
4.92931538073608,0.999809988564995
4.93333632049856,0.999353080694365
4.93622262249225,0.999703962039714
4.93910892448594,0.999864529512155
4.94261351715559,0.999806230943406
4.94658139106414,0.999393768144396
4.95019245462071,0.998954630257608
4.9531172312566,0.999486474535905
4.95583462403845,0.999826084821054
4.95900272816368,0.999865437052214
4.96284280180389,0.99965802159179
4.96675092901195,0.999028427026883
4.96998337989358,0.999152672533369
4.97269643387318,0.999715155513705
4.97556328782622,0.999874211321265
4.97909871854861,0.999809988564995
4.98311965831109,0.999353080694364
4.98600596030478,0.999703962039713
4.98889226229847,0.999864529512155
4.99239685496811,0.999806230943406
4.99636472887667,0.999393768144396
5,0.998909868407314
